{"stats":{"minecraft:dropped":{"mmorpg:weapon/staff/wood":2},"minecraft:picked_up":{"minecraft:iron_chestplate":1,"minecraft:stick":1,"minecraft:leather_chestplate":1,"minecraft:diamond_sword":1,"minecraft:acacia_log":10,"mmorpg:jewelry/necklace/iron":1,"tombstone:grave_dust":6,"minecraft:shield":1,"mmorpg:weapon/staff/wood":8,"minecraft:spider_eye":1,"minecraft:spruce_door":1,"minecraft:dirt":2,"minecraft:leather_helmet":2,"minecraft:acacia_door":2,"minecraft:bundle":1,"minecraft:diamond_chestplate":1,"minecraft:arrow":10,"minecraft:bone":11,"minecraft:rotten_flesh":25,"minecraft:apple":1,"minecraft:stone_axe":3,"mmorpg:gems/ruby/0":1,"minecraft:wheat_seeds":6,"minecraft:iron_helmet":2,"tombstone:essence_of_undeath":1,"minecraft:chainmail_helmet":1,"tombstone:magic_scroll":2,"minecraft:oak_sapling":1,"minecraft:acacia_sapling":2},"minecraft:used":{"minecraft:apple":1,"minecraft:acacia_log":9,"minecraft:acacia_door":1},"minecraft:killed":{"minecraft:skeleton":10,"minecraft:zombie":25,"minecraft:spider":1,"minecraft:drowned":1},"minecraft:custom":{"minecraft:time_since_rest":118298,"minecraft:blood":0,"minecraft:magic_shield":0,"minecraft:sprint_one_cm":47467,"minecraft:walk_one_cm":125941,"minecraft:damage_taken":2140,"minecraft:damage_absorbed":6984,"minecraft:mob_kills":38,"minecraft:drop":2,"minecraft:dexterity":5,"minecraft:intelligence":20,"minecraft:damage_dealt":180,"minecraft:health":135,"minecraft:move_speed":0,"minecraft:damage_dealt_absorbed":80,"minecraft:fly_one_cm":29256,"minecraft:open_chest":1,"minecraft:open_barrel":1,"minecraft:deaths":1,"minecraft:crouch_one_cm":1251,"minecraft:play_time":155639,"tombstone:undead_killed":36,"minecraft:sneak_time":359,"minecraft:jump":518,"minecraft:energy":140,"minecraft:time_since_death":120697,"minecraft:strength":5,"minecraft:total_world_time":155639,"minecraft:climb_one_cm":3840,"minecraft:levels_gained":5,"minecraft:fall_one_cm":9645,"minecraft:mana":303},"minecraft:mined":{"minecraft:large_fern":1,"minecraft:acacia_leaves":9,"minecraft:birch_leaves":1,"minecraft:spruce_door":1,"minecraft:grass":35,"minecraft:acacia_log":10,"minecraft:grass_block":2,"minecraft:vine":1,"minecraft:acacia_door":2,"minecraft:dirt":1,"minecraft:tall_grass":16,"minecraft:oak_leaves":13,"minecraft:fern":2}},"DataVersion":3465}