{"stats":{"minecraft:broken":{"minecraft:leather_helmet":1,"minecraft:wooden_axe":1},"minecraft:dropped":{"mmorpg:skill_gems/support/dex":1,"minecraft:beetroot":1,"minecraft:dirt":1,"mmorpg:runes/mos":1,"mmorpg:offhand/tome/iron":1,"mmorpg:gems/garnet/0":1,"minecraft:birch_door":2,"minecraft:arrow":38,"minecraft:string":10},"minecraft:picked_up":{"mmorpg:currency/orb_of_quality":2,"minecraft:charcoal":4,"minecraft:iron_chestplate":1,"minecraft:birch_door":2,"mmorpg:gems/topaz/0":1,"minecraft:cooked_beef":12,"minecraft:flower_pot":1,"minecraft:birch_slab":1,"minecraft:leather":17,"mmorpg:gems/azurite/0":1,"minecraft:red_mushroom":1,"mmorpg:jewelry/ring/iron":4,"goblins_tyranny:mug":2,"mmorpg:gems/sapphire/1":1,"minecraft:stripped_spruce_wood":1,"minecraft:oak_log":66,"minecraft:shield":1,"minecraft:gunpowder":2,"minecraft:dirt":13,"minecraft:string":71,"tombstone:gift":1,"minecraft:iron_leggings":2,"minecraft:bone":13,"minecraft:apple":1,"minecraft:beetroot":1,"minecraft:bow":7,"mmorpg:map":1,"minecraft:wheat_seeds":3,"minecraft:gold_nugget":54,"mmorpg:gems/tourmaline/0":2,"minecraft:spruce_wood":10,"minecraft:beef":38,"minecraft:player_head":1,"mmorpg:runes/mos":2,"mmorpg:offhand/tome/iron":5,"minecraft:iron_sword":1,"minecraft:oak_planks":1,"minecraft:iron_boots":5,"minecraft:dark_oak_sapling":1,"mmorpg:skill_gems/support/str":1,"mmorpg:skill_gems/support/dex":1,"mmorpg:gems/opal/0":2,"minecraft:stick":2,"minecraft:glow_item_frame":1,"minecraft:torch":17,"minecraft:spyglass":1,"minecraft:spruce_stairs":1,"mmorpg:stat_soul":1,"minecraft:porkchop":2,"mmorpg:jewelry/necklace/iron":1,"mmorpg:weapon/staff/wood":7,"mmorpg:skill_gems/support/int":4,"mmorpg:runes/nos":1,"minecraft:spider_eye":21,"minecraft:leather_helmet":1,"mmorpg:gems/garnet/0":2,"minecraft:arrow":51,"minecraft:rotten_flesh":11,"minecraft:beetroot_seeds":3,"mmorpg:jewelry/necklace/gold":1,"minecraft:iron_helmet":5,"minecraft:crossbow":1,"minecraft:gold_ingot":4,"minecraft:oak_sapling":2,"tombstone:magic_scroll":1,"minecraft:dark_oak_wood":30,"mmorpg:skill_gems/aura/int":1,"mmorpg:chest/uncommon_gear":1,"minecraft:mutton":7,"mmorpg:offhand/dodge/iron":1,"minecraft:cobblestone":11},"minecraft:killed":{"minecraft:piglin":54,"minecraft:cave_spider":55,"minecraft:zombie_villager":1,"minecraft:spider":51,"minecraft:creeper":1,"minecraft:skeleton":15,"minecraft:pillager":1,"minecraft:zombie":15,"minecraft:piglin_brute":63,"minecraft:cow":39},"minecraft:used":{"minecraft:water_bucket":1,"minecraft:oak_planks":189,"minecraft:chest":6,"minecraft:wooden_pickaxe":11,"minecraft:torch":22,"minecraft:spyglass":3,"minecraft:dirt":10,"minecraft:crafting_table":2,"minecraft:wooden_axe":62,"minecraft:bread":12,"tombstone:grave_key":2,"minecraft:stone_axe":40,"minecraft:furnace":1,"minecraft:bucket":1,"minecraft:cooked_beef":5},"minecraft:custom":{"minecraft:blood":0,"minecraft:interact_with_furnace":9,"minecraft:inspect_dropper":2,"minecraft:mob_kills":304,"minecraft:dexterity":11,"minecraft:intelligence":66,"tombstone:raider_killed":4,"minecraft:move_speed":0,"minecraft:interact_with_crafting_table":18,"minecraft:tune_noteblock":1,"minecraft:open_barrel":9,"minecraft:leave_game":2,"minecraft:time_since_death":29964,"minecraft:climb_one_cm":7800,"minecraft:levels_gained":13,"minecraft:mana":924,"minecraft:time_since_rest":27565,"minecraft:magic_shield":28,"minecraft:sprint_one_cm":426594,"minecraft:damage_absorbed":34045,"minecraft:damage_taken":10257,"minecraft:walk_one_cm":705151,"minecraft:drop":19,"minecraft:health":266,"minecraft:swim_one_cm":10890,"minecraft:fly_one_cm":281627,"minecraft:player_kills":1,"minecraft:open_chest":34,"minecraft:crouch_one_cm":11704,"minecraft:play_time":143040,"tombstone:undead_killed":31,"minecraft:deaths":8,"minecraft:sneak_time":4332,"minecraft:walk_under_water_one_cm":900,"minecraft:interact_with_lectern":1,"minecraft:jump":1452,"minecraft:energy":270,"minecraft:walk_on_water_one_cm":2696,"minecraft:strength":15,"minecraft:total_world_time":143040,"minecraft:fall_one_cm":23424,"minecraft:inspect_dispenser":1},"minecraft:mined":{"minecraft:podzol":1,"minecraft:powder_snow":12,"minecraft:torch":8,"minecraft:dark_oak_wood":30,"minecraft:spruce_fence":2,"minecraft:grass_block":7,"minecraft:campfire":4,"minecraft:mushroom_stem":9,"minecraft:birch_slab":1,"minecraft:spruce_leaves":1,"minecraft:oak_planks":1,"minecraft:wall_torch":8,"minecraft:spruce_stairs":2,"minecraft:stripped_spruce_wood":1,"minecraft:potted_red_mushroom":1,"minecraft:target":1,"minecraft:birch_door":2,"minecraft:grass":1,"minecraft:oak_log":70,"minecraft:dirt":4,"minecraft:cobweb":1,"minecraft:spruce_wood":10,"minecraft:stone":11,"minecraft:player_head":1},"minecraft:crafted":{"minecraft:oak_planks":264,"minecraft:crafting_table":2,"minecraft:wooden_pickaxe":1,"minecraft:furnace":1,"minecraft:bucket":1,"minecraft:stone_axe":1,"minecraft:charcoal":20,"minecraft:stick":28,"minecraft:wooden_axe":1,"minecraft:chest":6,"minecraft:gold_ingot":6,"minecraft:torch":80}},"DataVersion":3465}