{"stats":{"minecraft:used":{"minecraft:iron_bars":16,"minecraft:carved_pumpkin":1,"minecraft:smooth_quartz_slab":18,"minecraft:polished_basalt":3,"minecraft:chest":6,"minecraft:spruce_planks":21,"minecraft:wooden_shovel":2,"minecraft:torch":147,"minecraft:spyglass":5,"minecraft:dirt":14,"minecraft:wooden_axe":115,"minecraft:smooth_quartz":31,"minecraft:golden_carrot":3,"minecraft:furnace":1,"tombstone:gift":3,"minecraft:cooked_beef":5,"minecraft:pumpkin":4,"minecraft:water_bucket":1,"minecraft:snow_block":2,"minecraft:birch_planks":7,"minecraft:oak_planks":227,"minecraft:wooden_pickaxe":83,"minecraft:golden_apple":1,"minecraft:oak_slab":13,"minecraft:crafting_table":5,"minecraft:shears":4,"minecraft:bread":83,"tombstone:grave_key":5,"minecraft:stone_axe":40,"mmorpg:weapon/staff/wood":54,"minecraft:bucket":1,"minecraft:coarse_dirt":1},"minecraft:picked_up":{"minecraft:iron_chestplate":7,"minecraft:birch_door":2,"minecraft:charcoal":4,"minecraft:coarse_dirt":1,"mmorpg:currency/orb_of_quality":5,"mmorpg:gems/topaz/0":2,"mmorpg:gems/sapphire/0":1,"minecraft:flower_pot":1,"mmorpg:skill_gems/aura/str":4,"minecraft:diamond_sword":26,"minecraft:wooden_pickaxe":1,"mmorpg:jewelry/ring/iron":14,"goblins_tyranny:mug":2,"minecraft:enchanted_book":6,"mmorpg:gems/sapphire/1":2,"minecraft:shield":5,"mmorpg:skill_gems/aura/dex":6,"minecraft:string":233,"minecraft:iron_leggings":6,"minecraft:cyan_carpet":12,"mmorpg:jewel/dex":2,"minecraft:beetroot":1,"minecraft:gold_nugget":54,"mmorpg:map":7,"bosses_of_mass_destruction:soul_star":7,"mmorpg:gems/tourmaline/0":2,"minecraft:spruce_planks":32,"minecraft:beef":41,"minecraft:player_head":3,"mmorpg:runes/mos":3,"minecraft:smooth_quartz":50,"mmorpg:offhand/tome/iron":11,"mmorpg:gems/amethyst/0":1,"mmorpg:currency/socket_adder":1,"minecraft:iron_boots":13,"minecraft:egg":3,"mmorpg:potions/reset_all_perks":1,"mmorpg:skill_gems/support/dex":13,"mmorpg:gems/opal/0":4,"minecraft:dark_oak_sapling":1,"mmorpg:gems/emerald/0":1,"minecraft:stick":4,"minecraft:glow_item_frame":1,"minecraft:torch":34,"minecraft:spruce_stairs":3,"minecraft:spruce_fence":5,"minecraft:porkchop":2,"minecraft:cake":1,"mmorpg:currency/affix_tier_up_down":1,"mmorpg:jewelry/necklace/iron":9,"tombstone:grave_dust":84,"mmorpg:skill_gems/support/int":19,"mmorpg:jewel/str":1,"mmorpg:runes/nos":2,"mmorpg:potions/reset_spells":2,"minecraft:arrow":89,"minecraft:rotten_flesh":65,"minecraft:beetroot_seeds":3,"mmorpg:currency/affix_common_reroll":1,"minecraft:polished_basalt":4,"minecraft:carved_pumpkin":4,"tombstone:essence_of_undeath":2,"mmorpg:runes/ita":1,"mmorpg:currency/level_up_orb":1,"minecraft:gold_ingot":4,"sophisticatedbackpacks:copper_backpack":1,"bosses_of_mass_destruction:ancient_anima":2,"minecraft:glow_berries":1,"minecraft:mutton":7,"minecraft:iron_bars":16,"minecraft:snowball":38,"minecraft:cobblestone":11,"minecraft:cooked_beef":12,"minecraft:birch_slab":1,"minecraft:leather":17,"mmorpg:gems/azurite/0":3,"minecraft:red_mushroom":1,"minecraft:filled_map":1,"minecraft:birch_planks":19,"paraglider:spirit_orb":4,"minecraft:stripped_spruce_wood":1,"minecraft:oak_log":73,"minecraft:gunpowder":6,"minecraft:wither_skeleton_skull":12,"minecraft:blue_bed":1,"minecraft:dirt":35,"tombstone:gift":4,"mmorpg:currency/jewel_corrupt":2,"minecraft:bone":433,"minecraft:apple":1,"minecraft:bow":14,"minecraft:wheat_seeds":5,"minecraft:birch_wood":7,"minecraft:spruce_wood":10,"tombstone:bag_of_seeds":4,"mmorpg:invisible_item":2,"minecraft:iron_sword":5,"minecraft:oak_planks":39,"minecraft:book":24,"mmorpg:skill_gems/support/str":5,"minecraft:oak_slab":5,"minecraft:pumpkin":11,"minecraft:stone_brick_slab":2,"minecraft:spyglass":1,"mmorpg:stat_soul":1,"sophisticatedbackpacks:iron_backpack":3,"mmorpg:weapon/staff/wood":67,"mmorpg:jewelry/ring/gold":1,"minecraft:spider_eye":71,"minecraft:leather_helmet":1,"mmorpg:jewel/int":2,"minecraft:bundle":9,"mmorpg:gems/garnet/0":3,"minecraft:pumpkin_seeds":16,"minecraft:diamond":7,"mmorpg:gems/ruby/0":4,"mmorpg:jewelry/necklace/gold":4,"minecraft:iron_helmet":6,"minecraft:crossbow":2,"minecraft:emerald":2,"tombstone:magic_scroll":6,"minecraft:oak_sapling":5,"minecraft:coal":146,"mmorpg:chest/uncommon_gear":1,"minecraft:dark_oak_wood":30,"mmorpg:skill_gems/aura/int":9,"mmorpg:offhand/dodge/iron":3,"minecraft:crafting_table":1},"minecraft:killed":{"minecraft:cave_spider":143,"minecraft:witch":2,"minecraft:spider":122,"minecraft:phantom":1,"minecraft:skeleton":95,"minecraft:piglin_brute":63,"minecraft:cat":1,"minecraft:piglin":54,"minecraft:husk":2,"minecraft:pig":2,"minecraft:zombie_villager":2,"minecraft:rabbit":1,"minecraft:creeper":29,"minecraft:pillager":4,"minecraft:zombie":98,"minecraft:stray":15,"minecraft:wither_skeleton":458,"minecraft:cow":40},"minecraft:custom":{"minecraft:blood":0,"minecraft:inspect_dropper":2,"minecraft:mob_kills":1151,"minecraft:dexterity":10,"minecraft:interact_with_crafting_table":39,"minecraft:open_barrel":9,"minecraft:damage_dealt_resisted":339,"minecraft:leave_game":8,"minecraft:time_since_death":83708,"minecraft:climb_one_cm":35473,"minecraft:damage_resisted":180,"minecraft:mana":960,"minecraft:magic_shield":59,"minecraft:sprint_one_cm":2094051,"minecraft:walk_one_cm":2742453,"minecraft:drop":82,"minecraft:health":349,"minecraft:damage_dealt_absorbed":240,"minecraft:talked_to_villager":1,"minecraft:play_time":633117,"minecraft:deaths":18,"minecraft:sneak_time":6410,"minecraft:walk_under_water_one_cm":14004,"minecraft:interact_with_lectern":1,"minecraft:jump":6755,"minecraft:energy":397,"minecraft:walk_on_water_one_cm":32299,"minecraft:total_world_time":633117,"minecraft:interact_with_furnace":10,"minecraft:intelligence":77,"tombstone:raider_killed":10,"minecraft:move_speed":0,"minecraft:tune_noteblock":1,"minecraft:sleep_in_bed":1,"minecraft:levels_gained":21,"minecraft:time_since_rest":81309,"minecraft:damage_taken":34200,"minecraft:damage_absorbed":112178,"minecraft:damage_dealt":1553,"minecraft:swim_one_cm":74905,"minecraft:fly_one_cm":1324058,"minecraft:player_kills":1,"minecraft:open_chest":163,"minecraft:crouch_one_cm":15427,"tombstone:undead_killed":671,"minecraft:strength":15,"minecraft:fall_one_cm":154826,"minecraft:inspect_dispenser":1},"minecraft:broken":{"minecraft:leather_helmet":1,"minecraft:iron_chestplate":1,"minecraft:wooden_axe":1},"minecraft:killed_by":{"minecraft:cave_spider":1},"minecraft:crafted":{"minecraft:oak_planks":292,"minecraft:furnace":1,"minecraft:iron_bars":16,"minecraft:iron_axe":1,"minecraft:chest":6,"minecraft:smooth_quartz_slab":18,"minecraft:oak_slab":12,"minecraft:wooden_shovel":1,"minecraft:crafting_table":4,"minecraft:wooden_pickaxe":3,"minecraft:bucket":1,"minecraft:birch_planks":28,"minecraft:stone_axe":1,"minecraft:charcoal":20,"minecraft:stick":52,"minecraft:wooden_axe":2,"minecraft:snow_block":2,"minecraft:gold_ingot":6,"minecraft:torch":128,"minecraft:shears":1},"minecraft:dropped":{"sophisticatedbackpacks:iron_backpack":1,"minecraft:iron_sword":1,"mmorpg:jewel/dex":2,"minecraft:glass_bottle":2,"mmorpg:currency/jewel_corrupt":1,"mmorpg:skill_gems/support/dex":1,"mmorpg:skill_gems/aura/dex":1,"mmorpg:jewel/int":1,"minecraft:spruce_stairs":2,"minecraft:coal":17,"mmorpg:weapon/staff/wood":8,"minecraft:stick":2,"minecraft:dirt":1,"tombstone:bag_of_seeds":1,"mmorpg:runes/mos":2,"minecraft:smooth_quartz":2,"minecraft:snowball":16,"minecraft:string":131,"minecraft:bone":43,"tombstone:gift":1,"minecraft:beetroot":1,"minecraft:rotten_flesh":12,"minecraft:diamond_sword":2,"minecraft:bundle":3,"mmorpg:offhand/tome/iron":2,"mmorpg:gems/garnet/0":2,"minecraft:birch_door":2,"mmorpg:currency/affix_tier_up_down":1,"mmorpg:currency/socket_adder":1,"minecraft:spider_eye":6,"minecraft:arrow":44,"minecraft:bow":2,"minecraft:wooden_pickaxe":2,"mmorpg:gems/amethyst/0":1,"minecraft:egg":1},"minecraft:mined":{"minecraft:spruce_planks":13,"minecraft:carved_pumpkin":4,"minecraft:spruce_fence":11,"minecraft:grass_block":16,"minecraft:birch_slab":1,"minecraft:spruce_leaves":1,"minecraft:target":1,"minecraft:potted_red_mushroom":1,"minecraft:pumpkin":11,"minecraft:bookshelf":10,"minecraft:cave_vines":2,"minecraft:iron_bars":16,"minecraft:packed_ice":4,"minecraft:spruce_wood":10,"minecraft:stone":11,"minecraft:player_head":1,"minecraft:podzol":1,"minecraft:oak_slab":5,"minecraft:glass_pane":2,"minecraft:snow_block":2,"minecraft:powder_snow":29,"minecraft:crafting_table":1,"minecraft:cornflower":1,"minecraft:torch":16,"minecraft:dark_oak_wood":30,"minecraft:campfire":4,"minecraft:mushroom_stem":9,"minecraft:tall_grass":5,"minecraft:birch_wood":7,"minecraft:oak_planks":40,"minecraft:wall_torch":16,"minecraft:blue_bed":1,"minecraft:spruce_stairs":5,"minecraft:coarse_dirt":1,"minecraft:stripped_spruce_wood":1,"minecraft:redstone_torch":1,"minecraft:ice":7,"minecraft:birch_door":2,"minecraft:grass":18,"minecraft:oak_log":76,"minecraft:cyan_carpet":3,"minecraft:smooth_quartz":55,"minecraft:dirt":17,"minecraft:cobweb":1}},"DataVersion":3465}