{"stats":{"minecraft:used":{"minecraft:decorated_pot":1,"minecraft:wooden_pickaxe":8,"minecraft:oak_door":2,"minecraft:dirt":2,"minecraft:sand":14,"minecraft:crafting_table":3,"minecraft:wooden_axe":49,"minecraft:bread":2,"minecraft:suspicious_stew":1,"mmorpg:weapon/staff/wood":22,"minecraft:beef":9,"tombstone:gift":2,"minecraft:egg":1,"goblins_tyranny:mug":3,"minecraft:dark_oak_sapling":1},"minecraft:killed_by":{"minecraft:skeleton":1,"minecraft:zombie":2},"minecraft:mined":{"goblins_tyranny:coins_4":1,"goblins_tyranny:mugs":2,"minecraft:crafting_table":3,"minecraft:decorated_pot":2,"minecraft:sandstone":4,"goblins_tyranny:coin_barrel":1,"goblins_tyranny:mugs_2":1,"minecraft:grass":25,"minecraft:oak_log":8,"minecraft:sand":15,"minecraft:dirt":1,"minecraft:suspicious_gravel":1},"minecraft:killed":{"minecraft:pig":9,"minecraft:zombie_villager":3,"minecraft:spider":6,"minecraft:creeper":8,"minecraft:skeleton":3,"minecraft:sheep":13,"goblins_tyranny:mini_goblin_2":1,"minecraft:zombie":36,"minecraft:chicken":5,"goblins_tyranny:mini_goblin_3":1,"minecraft:cow":10},"minecraft:crafted":{"minecraft:oak_door":3,"minecraft:oak_planks":44,"minecraft:crafting_table":1,"minecraft:wooden_pickaxe":1,"minecraft:stick":20,"minecraft:wooden_axe":2},"minecraft:broken":{"minecraft:wooden_axe":1},"minecraft:picked_up":{"minecraft:iron_chestplate":3,"minecraft:crafting_table":3,"minecraft:allium":2,"minecraft:feather":6,"minecraft:chicken":5,"minecraft:leather":8,"goblins_tyranny:mug":4,"minecraft:oak_log":12,"minecraft:gunpowder":4,"minecraft:string":4,"minecraft:dirt":29,"minecraft:iron_leggings":5,"minecraft:bone":4,"minecraft:bow":11,"minecraft:wheat_seeds":4,"minecraft:beef":23,"minecraft:light_gray_wool":2,"mmorpg:offhand/tome/iron":5,"minecraft:iron_sword":8,"minecraft:iron_boots":1,"minecraft:egg":2,"minecraft:dark_oak_sapling":2,"minecraft:sandstone":4,"minecraft:sand":14,"minecraft:porkchop":17,"mmorpg:jewelry/necklace/iron":1,"tombstone:grave_dust":2,"sophisticatedbackpacks:iron_backpack":1,"mmorpg:weapon/staff/wood":12,"goblins_tyranny:red_loincloth_chestplate":1,"minecraft:spider_eye":1,"minecraft:bundle":1,"goblins_tyranny:goblins_meat":1,"minecraft:arrow":2,"minecraft:rotten_flesh":23,"goblins_tyranny:coin":13,"minecraft:decorated_pot":2,"minecraft:iron_helmet":1,"minecraft:gray_wool":1,"minecraft:mutton":14,"mmorpg:offhand/dodge/iron":2,"minecraft:white_wool":7},"minecraft:custom":{"minecraft:blood":0,"minecraft:mob_kills":97,"minecraft:dexterity":0,"minecraft:intelligence":13,"minecraft:move_speed":0,"minecraft:interact_with_crafting_table":5,"minecraft:open_barrel":6,"minecraft:leave_game":2,"minecraft:time_since_death":8266,"minecraft:climb_one_cm":155,"minecraft:levels_gained":6,"minecraft:mana":230,"minecraft:time_since_rest":6064,"minecraft:magic_shield":7,"minecraft:sprint_one_cm":201242,"minecraft:walk_one_cm":194257,"minecraft:damage_taken":1977,"minecraft:damage_absorbed":1190,"minecraft:drop":19,"minecraft:damage_dealt":3218,"minecraft:health":120,"minecraft:damage_dealt_absorbed":208,"minecraft:swim_one_cm":107938,"minecraft:fly_one_cm":425111,"minecraft:open_chest":3,"minecraft:crouch_one_cm":610,"minecraft:play_time":85239,"tombstone:undead_killed":42,"minecraft:deaths":3,"minecraft:sneak_time":172,"minecraft:walk_under_water_one_cm":3901,"minecraft:jump":1794,"minecraft:energy":100,"minecraft:walk_on_water_one_cm":7334,"minecraft:strength":0,"minecraft:total_world_time":85239,"minecraft:fall_one_cm":44183},"minecraft:dropped":{"minecraft:wheat_seeds":3,"minecraft:bowl":1,"minecraft:iron_helmet":2,"minecraft:light_gray_wool":1,"mmorpg:weapon/staff/wood":3,"minecraft:dirt":14,"minecraft:allium":2,"mmorpg:offhand/tome/iron":1,"minecraft:iron_leggings":2,"minecraft:sandstone":4,"minecraft:string":2,"minecraft:egg":1}},"DataVersion":3465}