{"stats":{"minecraft:dropped":{"minecraft:iron_sword":1,"minecraft:porkchop":4,"minecraft:wheat_seeds":11,"minecraft:cooked_beef":12,"minecraft:iron_helmet":3,"minecraft:apple":7,"mmorpg:skill_gems/aura/int":1,"minecraft:spruce_stairs":1,"mmorpg:skill_gems/support/int":1,"minecraft:birch_slab":1,"minecraft:torch":2,"tombstone:grave_key":1,"minecraft:mutton":14,"minecraft:iron_leggings":1,"minecraft:gold_nugget":1,"minecraft:dandelion":1,"minecraft:rotten_flesh":5,"minecraft:iron_boots":1,"minecraft:beetroot_seeds":6,"minecraft:oak_sapling":3,"minecraft:spider_eye":5,"minecraft:bow":2,"goblins_tyranny:mug":2,"minecraft:egg":5},"minecraft:killed_by":{"minecraft:player":1,"minecraft:spider":1},"minecraft:picked_up":{"minecraft:iron_chestplate":5,"minecraft:birch_door":2,"mmorpg:currency/orb_of_quality":1,"mmorpg:gems/topaz/0":1,"minecraft:wheat":5,"minecraft:chicken":8,"mmorpg:gems/sapphire/0":1,"minecraft:diamond_sword":4,"mmorpg:jewelry/ring/iron":3,"minecraft:oak_stairs":1,"goblins_tyranny:mug":2,"tombstone:grave_key":1,"mmorpg:skill_gems/aura/dex":2,"minecraft:string":76,"minecraft:iron_leggings":5,"minecraft:beetroot":2,"minecraft:gold_nugget":14,"mmorpg:map":1,"bosses_of_mass_destruction:soul_star":1,"minecraft:spruce_planks":1,"minecraft:beef":36,"minecraft:player_head":2,"minecraft:smooth_quartz":2,"mmorpg:offhand/tome/iron":7,"mmorpg:currency/socket_adder":1,"minecraft:iron_boots":5,"minecraft:egg":10,"mmorpg:skill_gems/support/dex":4,"mmorpg:gems/opal/0":1,"minecraft:torch":10,"minecraft:spruce_stairs":2,"minecraft:spruce_fence":3,"minecraft:porkchop":26,"mmorpg:jewelry/necklace/iron":6,"minecraft:cake":1,"minecraft:target":1,"tombstone:grave_dust":9,"mmorpg:skill_gems/support/int":3,"goblins_tyranny:goblins_meat":1,"minecraft:arrow":40,"minecraft:rotten_flesh":13,"minecraft:beetroot_seeds":6,"mmorpg:currency/affix_common_reroll":1,"minecraft:hay_block":39,"minecraft:mutton":15,"minecraft:white_wool":6,"minecraft:feather":10,"minecraft:cooked_beef":18,"minecraft:birch_slab":1,"minecraft:leather":23,"minecraft:oak_log":8,"minecraft:gunpowder":4,"minecraft:dirt":26,"minecraft:bone":54,"minecraft:apple":7,"minecraft:bow":5,"minecraft:wheat_seeds":15,"minecraft:iron_sword":11,"minecraft:oak_planks":4,"minecraft:book":3,"minecraft:oak_slab":2,"minecraft:cooked_porkchop":20,"minecraft:dandelion":2,"mmorpg:stat_soul":2,"mmorpg:weapon/staff/wood":6,"minecraft:spider_eye":27,"minecraft:bundle":1,"mmorpg:gems/garnet/0":1,"goblins_tyranny:coin":13,"mmorpg:gems/tourmaline/1":1,"minecraft:iron_helmet":11,"tombstone:magic_scroll":1,"minecraft:oak_sapling":4,"mmorpg:offhand/dodge/iron":4,"mmorpg:skill_gems/aura/int":2,"minecraft:coal":14},"minecraft:used":{"minecraft:torch":12,"minecraft:mutton":1,"minecraft:beef":11,"tombstone:gift":6,"minecraft:cooked_beef":5,"minecraft:oak_planks":10,"minecraft:wooden_pickaxe":5,"minecraft:oak_slab":2,"minecraft:crafting_table":1,"minecraft:cake":1,"minecraft:oak_log":1,"minecraft:bread":4,"minecraft:porkchop":2,"minecraft:cooked_porkchop":8},"minecraft:killed":{"minecraft:cave_spider":26,"minecraft:spider":38,"minecraft:vindicator":1,"minecraft:horse":2,"minecraft:skeleton":9,"minecraft:chicken":9,"mmorpg:zombie":6,"minecraft:piglin_brute":11,"minecraft:wolf":3,"minecraft:piglin":5,"minecraft:pig":12,"minecraft:creeper":7,"minecraft:sheep":6,"goblins_tyranny:mini_goblin_2":1,"minecraft:pillager":2,"minecraft:donkey":1,"minecraft:zombie":11,"goblins_tyranny:mini_goblin_3":1,"minecraft:wither_skeleton":35,"minecraft:cow":19},"minecraft:mined":{"minecraft:spruce_planks":1,"goblins_tyranny:coins_4":1,"minecraft:spruce_fence":1,"minecraft:grass_block":4,"minecraft:large_fern":1,"minecraft:hay_block":39,"goblins_tyranny:coin_barrel":1,"goblins_tyranny:mugs_2":1,"minecraft:bookshelf":1,"minecraft:oak_stairs":1,"minecraft:player_head":1,"minecraft:oak_slab":2,"minecraft:dandelion":1,"minecraft:torch":1,"minecraft:tall_grass":28,"minecraft:oak_planks":4,"minecraft:wall_torch":1,"minecraft:grass":36,"minecraft:oak_log":3,"minecraft:coal_ore":3,"minecraft:dirt":4,"minecraft:smooth_quartz":2,"minecraft:oak_leaves":1},"minecraft:custom":{"minecraft:blood":0,"minecraft:mob_kills":214,"minecraft:dexterity":5,"minecraft:interact_with_crafting_table":3,"minecraft:open_barrel":1,"minecraft:interact_with_campfire":38,"minecraft:eat_cake_slice":1,"minecraft:leave_game":3,"minecraft:time_since_death":22396,"minecraft:climb_one_cm":6815,"minecraft:mana":550,"minecraft:magic_shield":24,"minecraft:sprint_one_cm":396717,"minecraft:walk_one_cm":374604,"minecraft:drop":35,"minecraft:health":196,"minecraft:play_time":158726,"minecraft:deaths":5,"minecraft:sneak_time":655,"minecraft:walk_under_water_one_cm":1377,"minecraft:jump":2943,"minecraft:energy":200,"minecraft:walk_on_water_one_cm":5678,"minecraft:total_world_time":158726,"minecraft:intelligence":42,"tombstone:raider_killed":3,"minecraft:move_speed":0,"minecraft:tune_noteblock":1,"minecraft:levels_gained":11,"minecraft:time_since_rest":21612,"minecraft:damage_taken":9238,"minecraft:damage_absorbed":11766,"minecraft:swim_one_cm":35121,"minecraft:fly_one_cm":835994,"minecraft:open_chest":24,"minecraft:crouch_one_cm":2230,"tombstone:undead_killed":55,"minecraft:strength":5,"minecraft:fall_one_cm":56930},"minecraft:crafted":{"minecraft:oak_planks":28,"minecraft:wheat":346,"minecraft:crafting_table":1,"minecraft:wooden_pickaxe":1,"minecraft:bread":117,"minecraft:stick":8,"minecraft:torch":12}},"DataVersion":3465}