{"stats":{"minecraft:picked_up":{"minecraft:chicken":1,"tombstone:grave_dust":1,"minecraft:rabbit_foot":1,"minecraft:bone":1,"minecraft:arrow":1,"minecraft:rabbit_hide":1,"minecraft:beef":1,"minecraft:crossbow":1,"minecraft:emerald":3,"minecraft:rabbit":3,"minecraft:iron_sword":2,"minecraft:mutton":2,"minecraft:acacia_sapling":1,"minecraft:white_wool":1},"minecraft:killed":{"minecraft:sheep":1,"minecraft:skeleton":2,"minecraft:pillager":3,"minecraft:husk":1,"minecraft:chicken":1,"minecraft:rabbit":3,"minecraft:creeper":1,"minecraft:cow":1},"minecraft:used":{"minecraft:mutton":2},"minecraft:custom":{"minecraft:time_since_rest":2312,"minecraft:blood":0,"minecraft:magic_shield":0,"minecraft:sprint_one_cm":30875,"minecraft:walk_one_cm":20872,"minecraft:damage_taken":257,"minecraft:damage_absorbed":123,"minecraft:mob_kills":14,"minecraft:dexterity":0,"minecraft:intelligence":1,"tombstone:raider_killed":3,"minecraft:health":80,"minecraft:move_speed":0,"minecraft:fly_one_cm":50170,"minecraft:open_barrel":1,"minecraft:open_chest":1,"minecraft:play_time":10879,"tombstone:undead_killed":3,"minecraft:sneak_time":24,"minecraft:jump":238,"minecraft:energy":60,"minecraft:leave_game":1,"minecraft:time_since_death":10879,"minecraft:strength":0,"minecraft:sleep_in_bed":1,"minecraft:climb_one_cm":1183,"minecraft:total_world_time":10879,"minecraft:levels_gained":2,"minecraft:fall_one_cm":5571,"minecraft:mana":70}},"DataVersion":3465}