{"stats":{"minecraft:mined":{"minecraft:short_grass":1,"minecraft:grass_block":1,"minecraft:oak_log":5,"minecraft:dirt":1},"minecraft:used":{"minecraft:oak_log":1},"minecraft:killed_by":{"minecraft:spider":1,"minecraft:zombie":2},"minecraft:custom":{"minecraft:time_since_rest":81,"minecraft:damage_taken":791,"minecraft:crouch_one_cm":95,"minecraft:play_time":5373,"minecraft:sprint_one_cm":8232,"minecraft:deaths":3,"minecraft:walk_one_cm":10727,"minecraft:sneak_time":11,"minecraft:jump":56,"minecraft:leave_game":4,"minecraft:walk_on_water_one_cm":63,"minecraft:time_since_death":0,"minecraft:total_world_time":5373,"minecraft:fall_one_cm":5618,"minecraft:fly_one_cm":8911},"minecraft:picked_up":{"minecraft:cobbled_deepslate":6,"minecraft:oak_log":5,"minecraft:dirt":2}},"DataVersion":3700}