{"stats":{"minecraft:used":{"minecraft:rotten_flesh":21,"minecraft:torch":19,"minecraft:dirt":7,"minecraft:mutton":13,"minecraft:spruce_fence":3,"minecraft:golden_carrot":1,"minecraft:beef":23,"minecraft:hay_block":1,"tombstone:gift":10,"minecraft:cooked_beef":5,"tombstone:scroll_of_mercy":1,"minecraft:oak_planks":24,"minecraft:ender_pearl":3,"minecraft:wooden_pickaxe":5,"tombstone:tablet_of_guard":2,"minecraft:leather_boots":1,"minecraft:white_wool":1,"minecraft:golden_apple":2,"minecraft:oak_slab":2,"minecraft:crafting_table":2,"bosses_of_mass_destruction:soul_star":1,"minecraft:cake":1,"tombstone:bag_of_seeds":2,"minecraft:oak_log":1,"minecraft:bread":54,"minecraft:string":3,"tombstone:magic_scroll":5,"mmorpg:weapon/staff/iron":3,"tombstone:grave_key":4,"minecraft:gravel":1,"minecraft:pink_petals":3,"minecraft:porkchop":8,"minecraft:cooked_porkchop":15,"minecraft:cooked_rabbit":5,"minecraft:experience_bottle":2},"minecraft:picked_up":{"minecraft:wooden_axe":1,"minecraft:iron_chestplate":9,"minecraft:birch_door":2,"minecraft:crafting_table":1,"mmorpg:currency/orb_of_quality":1,"mmorpg:gems/topaz/0":1,"minecraft:wheat":5,"minecraft:chicken":18,"mmorpg:gems/sapphire/0":1,"mmorpg:skill_gems/aura/str":5,"minecraft:diamond_sword":19,"mmorpg:jewelry/ring/iron":8,"minecraft:oak_stairs":1,"goblins_tyranny:mug":2,"tombstone:grave_key":1,"minecraft:shield":3,"minecraft:cornflower":1,"mmorpg:skill_gems/aura/dex":6,"minecraft:string":201,"minecraft:wooden_sword":2,"minecraft:iron_leggings":9,"mmorpg:jewel/dex":3,"minecraft:beetroot":2,"minecraft:cracked_stone_bricks":1,"mmorpg:map":10,"minecraft:gold_nugget":14,"bosses_of_mass_destruction:soul_star":6,"mmorpg:gems/tourmaline/0":1,"minecraft:spruce_planks":1,"minecraft:beef":87,"minecraft:player_head":2,"mmorpg:currency/chaos_orb":1,"minecraft:smooth_quartz":3,"mmorpg:offhand/tome/iron":10,"mmorpg:gems/opal/0":1,"mmorpg:currency/socket_adder":6,"minecraft:phantom_membrane":1,"minecraft:iron_boots":9,"minecraft:egg":11,"minecraft:tipped_arrow":12,"mmorpg:skill_gems/support/dex":10,"minecraft:dark_oak_sapling":1,"minecraft:stick":2,"minecraft:torch":19,"minecraft:acacia_log":3,"minecraft:spruce_stairs":2,"minecraft:spruce_fence":16,"minecraft:porkchop":47,"mmorpg:currency/affix_tier_up_down":1,"minecraft:target":1,"minecraft:cake":1,"mmorpg:jewelry/necklace/iron":7,"tombstone:grave_dust":50,"mmorpg:skill_gems/support/int":13,"mmorpg:jewel/str":2,"goblins_tyranny:goblins_meat":1,"minecraft:arrow":148,"minecraft:rotten_flesh":58,"minecraft:beetroot_seeds":6,"mmorpg:currency/affix_common_reroll":3,"minecraft:hay_block":48,"mmorpg:currency/level_up_orb":2,"tombstone:essence_of_undeath":2,"minecraft:mutton":26,"minecraft:iron_bars":1,"minecraft:white_wool":22,"minecraft:pink_petals":3,"minecraft:leather_chestplate":3,"minecraft:air":0,"minecraft:feather":21,"minecraft:cooked_beef":18,"minecraft:birch_slab":1,"minecraft:leather":51,"minecraft:acacia_wood":3,"mmorpg:chest/common_gear":1,"minecraft:filled_map":1,"minecraft:oak_log":8,"minecraft:chainmail_chestplate":1,"minecraft:gunpowder":13,"mmorpg:currency/map_rarity_upgrade":3,"minecraft:dirt":36,"mmorpg:currency/jewel_corrupt":1,"minecraft:leather_boots":4,"minecraft:bone":271,"minecraft:apple":7,"minecraft:stone_bricks":7,"minecraft:bow":21,"minecraft:wheat_seeds":21,"minecraft:rabbit_hide":2,"minecraft:iron_ingot":5,"tombstone:bag_of_seeds":5,"minecraft:mossy_stone_bricks":1,"minecraft:rabbit":1,"minecraft:glass_bottle":1,"minecraft:oak_planks":7,"minecraft:iron_sword":21,"mmorpg:skill_gems/support/str":3,"minecraft:book":6,"minecraft:oak_slab":2,"minecraft:cooked_porkchop":20,"minecraft:dandelion":2,"minecraft:gravel":1,"mmorpg:stat_soul":4,"minecraft:barrel":1,"sophisticatedbackpacks:iron_backpack":2,"mmorpg:weapon/staff/wood":14,"mmorpg:weapon/staff/iron":2,"minecraft:spider_eye":51,"minecraft:leather_helmet":2,"mmorpg:jewel/int":1,"minecraft:bundle":8,"mmorpg:gems/garnet/0":1,"goblins_tyranny:coin":13,"mmorpg:gems/tourmaline/1":1,"minecraft:stone_axe":1,"mmorpg:runes/ano":2,"minecraft:chainmail_leggings":1,"minecraft:iron_helmet":13,"minecraft:crossbow":2,"minecraft:chainmail_helmet":1,"minecraft:emerald":1,"mmorpg:offhand/dodge/iron":7,"tombstone:magic_scroll":6,"minecraft:oak_sapling":5,"minecraft:stripped_dark_oak_log":1,"mmorpg:gems/amethyst/1":1,"mmorpg:skill_gems/aura/int":6,"minecraft:coal":39,"minecraft:ender_pearl":1},"minecraft:killed":{"minecraft:cave_spider":103,"minecraft:witch":1,"minecraft:spider":153,"minecraft:vindicator":6,"minecraft:phantom":10,"creeperoverhaul:snowy_creeper":4,"minecraft:horse":9,"minecraft:skeleton":105,"minecraft:chicken":20,"mmorpg:zombie":9,"minecraft:drowned":1,"bosses_of_mass_destruction:lich":1,"minecraft:piglin_brute":11,"minecraft:wolf":5,"minecraft:piglin":5,"minecraft:husk":9,"minecraft:pig":26,"minecraft:zombie_villager":1,"minecraft:rabbit":1,"mmorpg:skeleton":10,"mmorpg:spider":1,"minecraft:creeper":29,"minecraft:squid":1,"minecraft:polar_bear":2,"minecraft:sheep":26,"goblins_tyranny:mini_goblin_2":1,"minecraft:pillager":14,"minecraft:zombie":99,"minecraft:donkey":2,"goblins_tyranny:mini_goblin_3":1,"minecraft:stray":60,"creeperoverhaul:savannah_creeper":4,"minecraft:wither_skeleton":149,"minecraft:cow":55,"minecraft:enderman":7},"minecraft:custom":{"minecraft:blood":0,"minecraft:mob_kills":951,"minecraft:dexterity":20,"minecraft:interact_with_crafting_table":6,"minecraft:open_barrel":29,"minecraft:interact_with_campfire":38,"minecraft:eat_cake_slice":15,"minecraft:leave_game":7,"minecraft:time_since_death":67586,"minecraft:mana":1229,"minecraft:magic_shield":67,"minecraft:climb_one_cm":37440,"minecraft:damage_resisted":132,"minecraft:sprint_one_cm":1803124,"minecraft:walk_one_cm":1117609,"minecraft:drop":84,"minecraft:health":360,"minecraft:play_noteblock":1,"minecraft:damage_dealt_absorbed":160,"minecraft:play_time":512665,"minecraft:sneak_time":1724,"minecraft:deaths":13,"minecraft:walk_under_water_one_cm":8208,"minecraft:interact_with_brewingstand":1,"minecraft:jump":10762,"minecraft:energy":450,"minecraft:interact_with_blast_furnace":1,"minecraft:walk_on_water_one_cm":36130,"minecraft:total_world_time":512665,"minecraft:interact_with_furnace":1,"minecraft:intelligence":97,"tombstone:raider_killed":31,"minecraft:move_speed":0,"minecraft:tune_noteblock":1,"minecraft:levels_gained":21,"minecraft:time_since_rest":67304,"minecraft:damage_taken":28665,"minecraft:damage_absorbed":51179,"minecraft:damage_dealt":154,"tombstone:cast_on_ally":1,"minecraft:swim_one_cm":129374,"minecraft:fly_one_cm":2730809,"minecraft:player_kills":2,"minecraft:open_chest":104,"minecraft:crouch_one_cm":5734,"tombstone:undead_killed":435,"minecraft:strength":15,"minecraft:fall_one_cm":308286},"minecraft:killed_by":{"minecraft:player":1,"minecraft:spider":1},"minecraft:crafted":{"minecraft:oak_planks":28,"minecraft:wheat":418,"minecraft:crafting_table":1,"minecraft:wooden_pickaxe":1,"minecraft:bread":141,"minecraft:stick":8,"minecraft:acacia_planks":12,"minecraft:torch":12},"minecraft:dropped":{"sophisticatedbackpacks:iron_backpack":1,"minecraft:iron_sword":2,"mmorpg:jewel/dex":3,"minecraft:wheat_seeds":15,"minecraft:porkchop":4,"mmorpg:jewel/str":1,"minecraft:cooked_beef":12,"mmorpg:offhand/dodge/iron":2,"minecraft:cooked_porkchop":5,"minecraft:iron_helmet":3,"minecraft:book":3,"minecraft:apple":7,"mmorpg:skill_gems/aura/int":1,"minecraft:spruce_stairs":1,"mmorpg:skill_gems/support/int":4,"minecraft:birch_slab":1,"minecraft:leather_helmet":1,"minecraft:stick":2,"mmorpg:map":1,"minecraft:dirt":1,"tombstone:bag_of_seeds":2,"mmorpg:currency/affix_common_reroll":1,"mmorpg:potions/reset_stats":1,"tombstone:magic_scroll":2,"minecraft:torch":3,"minecraft:mutton":14,"tombstone:grave_key":1,"mmorpg:potions/reset_spells":3,"minecraft:iron_leggings":1,"minecraft:gold_nugget":1,"minecraft:string":1,"tombstone:familiar_receptacle":1,"minecraft:dandelion":1,"minecraft:bone":2,"mmorpg:potions/reset_all_perks":2,"mmorpg:runes/ano":1,"minecraft:chicken":1,"minecraft:rotten_flesh":5,"minecraft:iron_boots":1,"minecraft:filled_map":2,"minecraft:shield":1,"minecraft:beetroot_seeds":6,"minecraft:leather_boots":1,"minecraft:oak_sapling":3,"minecraft:spider_eye":5,"minecraft:beef":7,"minecraft:bow":4,"mmorpg:jewelry/ring/iron":1,"mmorpg:skill_gems/aura/str":1,"goblins_tyranny:mug":2,"minecraft:egg":5},"minecraft:mined":{"minecraft:spruce_planks":1,"goblins_tyranny:coins_4":1,"minecraft:spruce_fence":13,"minecraft:grass_block":5,"minecraft:spruce_leaves":3,"minecraft:large_fern":2,"minecraft:hay_block":48,"minecraft:barrel":1,"goblins_tyranny:coin_barrel":1,"goblins_tyranny:mugs_2":1,"minecraft:bookshelf":1,"minecraft:dirt_path":1,"minecraft:oak_stairs":1,"minecraft:packed_ice":2,"minecraft:player_head":1,"minecraft:oak_slab":2,"minecraft:stripped_dark_oak_log":1,"minecraft:dandelion":1,"minecraft:powder_snow":65,"minecraft:cornflower":1,"minecraft:torch":4,"minecraft:dead_bush":1,"minecraft:tall_grass":40,"minecraft:oak_planks":7,"minecraft:wall_torch":2,"minecraft:pink_petals":2,"minecraft:ice":33,"minecraft:grass":84,"minecraft:coal_ore":3,"minecraft:oak_log":3,"minecraft:gravel":1,"minecraft:smooth_quartz":2,"minecraft:dirt":11,"minecraft:cobweb":4,"minecraft:fern":1,"minecraft:oak_leaves":1}},"DataVersion":3465}