{"stats":{"minecraft:broken":{"minecraft:wooden_axe":5},"minecraft:picked_up":{"minecraft:stick":49,"minecraft:crafting_table":3,"minecraft:sweet_berries":23,"mmorpg:jewelry/ring/iron":1,"minecraft:oak_log":304,"mmorpg:weapon/staff/wood":7,"minecraft:yellow_bed":2,"minecraft:white_bed":3,"minecraft:string":1,"minecraft:iron_leggings":1,"minecraft:rotten_flesh":5,"minecraft:apple":10,"minecraft:bow":1,"minecraft:wheat_seeds":1,"minecraft:oak_sapling":71,"minecraft:egg":1},"minecraft:killed":{"minecraft:zombie":2,"minecraft:zombie_villager":1,"minecraft:drowned":1},"minecraft:mined":{"minecraft:white_bed":3,"minecraft:sweet_berry_bush":9,"minecraft:yellow_bed":2,"minecraft:crafting_table":3,"minecraft:grass":5,"minecraft:oak_log":306,"minecraft:tall_grass":2,"minecraft:oak_leaves":1,"minecraft:fern":1},"minecraft:used":{"minecraft:wooden_axe":343,"minecraft:apple":10,"minecraft:oak_slab":1,"minecraft:sweet_berries":17,"minecraft:crafting_table":4},"minecraft:custom":{"minecraft:time_since_rest":120349,"minecraft:blood":0,"minecraft:magic_shield":0,"minecraft:sprint_one_cm":158808,"minecraft:damage_absorbed":3063,"minecraft:damage_taken":1402,"minecraft:walk_one_cm":132752,"minecraft:mob_kills":4,"minecraft:dexterity":0,"minecraft:intelligence":0,"minecraft:damage_dealt":725,"minecraft:health":79,"minecraft:move_speed":0,"minecraft:interact_with_crafting_table":5,"minecraft:fly_one_cm":58764,"minecraft:open_barrel":6,"minecraft:open_chest":9,"minecraft:crouch_one_cm":102,"minecraft:play_time":162113,"tombstone:undead_killed":4,"minecraft:deaths":2,"minecraft:sneak_time":593,"minecraft:jump":432,"minecraft:energy":50,"minecraft:time_since_death":120757,"minecraft:strength":0,"minecraft:climb_one_cm":7139,"minecraft:total_world_time":162113,"minecraft:levels_gained":1,"minecraft:fall_one_cm":6000,"minecraft:mana":50},"minecraft:crafted":{"minecraft:oak_slab":6,"minecraft:oak_planks":28,"minecraft:crafting_table":1,"minecraft:stick":4,"minecraft:wooden_axe":6}},"DataVersion":3465}