{"stats":{"minecraft:killed_by":{"minecraft:zombie":1},"minecraft:killed":{"minecraft:spider":54,"creeperoverhaul:snowy_creeper":6,"minecraft:phantom":8,"minecraft:skeleton":231,"minecraft:chicken":3,"minecraft:llama":1,"minecraft:drowned":23,"minecraft:piglin_brute":5,"minecraft:skeleton_horse":1,"minecraft:piglin":2,"minecraft:husk":12,"minecraft:pig":1,"minecraft:zombie_villager":2,"minecraft:iron_golem":1,"minecraft:creeper":9,"minecraft:sheep":6,"minecraft:donkey":1,"minecraft:zombie":416,"minecraft:stray":19,"minecraft:wither_skeleton":6,"minecraft:enderman":1,"minecraft:cow":5},"minecraft:crafted":{"minecraft:oak_planks":124,"minecraft:fishing_rod":1,"minecraft:furnace":1,"minecraft:chest":8,"minecraft:oak_slab":6,"minecraft:crafting_table":2,"minecraft:spruce_planks":36,"minecraft:wooden_pickaxe":2,"minecraft:charcoal":14,"minecraft:stick":28,"minecraft:wooden_axe":7,"minecraft:torch":56},"minecraft:dropped":{"minecraft:golden_boots":2,"mmorpg:stat_soul":1,"minecraft:iron_sword":1,"minecraft:glass_bottle":3,"minecraft:crossbow":3,"minecraft:iron_helmet":3,"mmorpg:skill_gems/aura/int":1,"mmorpg:skill_gems/aura/dex":1,"minecraft:chainmail_helmet":1,"mmorpg:weapon/staff/wood":11,"mmorpg:map":1,"minecraft:dirt":1,"tombstone:bag_of_seeds":2,"minecraft:ice":5,"minecraft:mutton":4,"minecraft:rabbit":1,"minecraft:iron_leggings":5,"minecraft:phantom_membrane":2,"minecraft:string":18,"minecraft:white_wool":1,"minecraft:bone":28,"minecraft:stone_sword":2,"minecraft:chicken":1,"minecraft:rotten_flesh":40,"minecraft:oak_planks":1,"mmorpg:jewelry/necklace/iron":5,"minecraft:filled_map":2,"minecraft:tipped_arrow":6,"minecraft:shield":2,"minecraft:gunpowder":1,"minecraft:bundle":1,"minecraft:iron_chestplate":2,"mmorpg:offhand/tome/iron":2,"minecraft:spider_eye":2,"minecraft:bow":9,"sophisticatedbackpacks:copper_backpack":1,"minecraft:arrow":77,"mmorpg:jewelry/ring/iron":1,"minecraft:beef":5,"mmorpg:skill_gems/aura/str":1},"minecraft:custom":{"minecraft:blood":0,"minecraft:mob_kills":862,"minecraft:dexterity":5,"minecraft:interact_with_crafting_table":21,"minecraft:open_barrel":66,"minecraft:leave_game":2,"minecraft:time_since_death":43149,"minecraft:mana":556,"minecraft:magic_shield":33,"minecraft:damage_resisted":684,"minecraft:climb_one_cm":35755,"minecraft:sprint_one_cm":1555323,"minecraft:walk_one_cm":1474593,"minecraft:drop":87,"minecraft:health":302,"minecraft:damage_dealt_absorbed":717,"minecraft:play_time":546079,"minecraft:sneak_time":1740,"minecraft:deaths":9,"minecraft:walk_under_water_one_cm":5339,"minecraft:jump":3927,"minecraft:energy":290,"minecraft:walk_on_water_one_cm":24529,"minecraft:total_world_time":546079,"minecraft:interact_with_furnace":11,"tombstone:raider_killed":8,"minecraft:intelligence":30,"minecraft:move_speed":0,"minecraft:sleep_in_bed":2,"minecraft:levels_gained":20,"minecraft:time_since_rest":42037,"minecraft:damage_taken":26563,"minecraft:damage_absorbed":66473,"minecraft:damage_dealt":1053,"minecraft:swim_one_cm":8705,"minecraft:fly_one_cm":508883,"minecraft:open_chest":238,"minecraft:crouch_one_cm":2236,"tombstone:undead_killed":718,"minecraft:strength":5,"minecraft:fall_one_cm":45734},"minecraft:used":{"minecraft:chest":9,"minecraft:torch":70,"minecraft:dirt":4,"minecraft:wooden_axe":388,"minecraft:stone_bricks":14,"minecraft:sweet_berries":38,"minecraft:furnace":1,"minecraft:acacia_wood":4,"minecraft:oak_planks":3,"minecraft:wooden_pickaxe":62,"minecraft:oak_slab":15,"minecraft:crafting_table":5,"minecraft:oak_log":14,"minecraft:apple":10,"minecraft:bread":21,"tombstone:grave_key":2,"mmorpg:weapon/staff/wood":21,"minecraft:fishing_rod":11,"minecraft:cobblestone":1,"minecraft:cooked_porkchop":3,"minecraft:pumpkin_pie":19},"minecraft:mined":{"minecraft:red_carpet":1,"minecraft:white_bed":3,"minecraft:spruce_trapdoor":2,"minecraft:acacia_log":1,"minecraft:grass_block":2,"minecraft:spruce_leaves":8,"minecraft:spawner":11,"minecraft:furnace":1,"minecraft:acacia_wood":7,"minecraft:mossy_stone_brick_stairs":2,"minecraft:vine":7,"minecraft:iron_bars":1,"minecraft:packed_ice":7,"minecraft:stone":12,"minecraft:oak_slab":13,"minecraft:red_wool":1,"minecraft:powder_snow":48,"minecraft:crafting_table":4,"minecraft:torch":7,"minecraft:chest":1,"minecraft:stone_slab":2,"minecraft:tall_grass":2,"minecraft:wall_torch":1,"minecraft:birch_log":8,"minecraft:sweet_berry_bush":9,"minecraft:ice":9,"minecraft:blue_ice":2,"minecraft:spruce_log":9,"minecraft:birch_leaves":9,"minecraft:yellow_bed":2,"minecraft:grass":6,"minecraft:oak_log":310,"minecraft:dirt":2,"minecraft:cobweb":17,"minecraft:cracked_stone_bricks":5,"minecraft:stone_bricks":23,"minecraft:mossy_stone_bricks":1,"minecraft:oak_leaves":14,"minecraft:fern":1},"minecraft:picked_up":{"minecraft:iron_chestplate":6,"minecraft:crafting_table":3,"mmorpg:currency/orb_of_quality":4,"mmorpg:gems/topaz/0":2,"mmorpg:gems/sapphire/0":3,"minecraft:chicken":2,"minecraft:leather_leggings":8,"mmorpg:skill_gems/aura/str":6,"minecraft:stone_slab":2,"minecraft:diamond_sword":1,"mmorpg:jewelry/ring/iron":3,"minecraft:shield":7,"mmorpg:skill_gems/aura/dex":3,"minecraft:string":58,"minecraft:wooden_sword":1,"minecraft:iron_leggings":6,"mmorpg:jewel/dex":1,"minecraft:diamond_leggings":2,"mmorpg:map":5,"bosses_of_mass_destruction:soul_star":12,"mmorpg:gems/tourmaline/0":1,"minecraft:beef":10,"mmorpg:offhand/tome/iron":11,"minecraft:spruce_trapdoor":2,"mmorpg:potions/reset_all_perks":1,"minecraft:chest":1,"minecraft:birch_sapling":2,"mmorpg:gems/amethyst/0":1,"minecraft:phantom_membrane":9,"minecraft:iron_boots":1,"minecraft:egg":4,"minecraft:tipped_arrow":6,"mmorpg:skill_gems/support/dex":9,"minecraft:golden_helmet":6,"mmorpg:gems/opal/0":2,"mmorpg:gems/emerald/0":2,"minecraft:stick":57,"minecraft:copper_ingot":3,"minecraft:torch":17,"minecraft:acacia_log":1,"minecraft:porkchop":2,"minecraft:golden_axe":2,"mmorpg:currency/affix_tier_up_down":2,"mmorpg:jewelry/necklace/iron":8,"tombstone:grave_dust":57,"minecraft:carrot":2,"mmorpg:skill_gems/support/int":5,"mmorpg:jewel/str":1,"mmorpg:runes/nos":1,"mmorpg:potions/reset_spells":1,"minecraft:stone_sword":7,"minecraft:arrow":220,"minecraft:rotten_flesh":420,"minecraft:diamond_chestplate":8,"mmorpg:currency/affix_common_reroll":1,"tombstone:essence_of_undeath":6,"mmorpg:runes/ita":2,"sophisticatedbackpacks:copper_backpack":4,"minecraft:mutton":4,"minecraft:white_wool":1,"minecraft:cobblestone":11,"minecraft:birch_log":8,"minecraft:pink_petals":3,"minecraft:leather_chestplate":1,"minecraft:feather":2,"minecraft:leather":8,"minecraft:golden_leggings":3,"mmorpg:gems/azurite/0":1,"minecraft:acacia_wood":4,"minecraft:potato":1,"minecraft:filled_map":2,"minecraft:ice":10,"paraglider:spirit_orb":22,"minecraft:oak_log":308,"minecraft:gunpowder":5,"minecraft:yellow_bed":2,"minecraft:golden_boots":5,"mmorpg:currency/map_rarity_upgrade":1,"minecraft:dirt":5,"tombstone:familiar_receptacle":1,"tombstone:gift":1,"minecraft:name_tag":1,"minecraft:leather_boots":1,"minecraft:red_carpet":1,"minecraft:bone":252,"minecraft:apple":10,"minecraft:stone_bricks":16,"mmorpg:gems/azurite/1":1,"minecraft:bow":19,"minecraft:wheat_seeds":1,"mmorpg:gems/ruby/1":1,"minecraft:iron_ingot":5,"tombstone:bag_of_seeds":8,"minecraft:rabbit":1,"minecraft:diamond_helmet":3,"minecraft:iron_sword":3,"minecraft:mossy_stone_brick_stairs":2,"mmorpg:skill_gems/support/str":3,"minecraft:oak_slab":15,"minecraft:cooked_porkchop":7,"minecraft:sweet_berries":53,"minecraft:red_wool":1,"mmorpg:stat_soul":2,"minecraft:spruce_sapling":3,"sophisticatedbackpacks:iron_backpack":1,"minecraft:white_bed":3,"mmorpg:weapon/staff/wood":22,"minecraft:spruce_log":9,"minecraft:spider_eye":16,"minecraft:leather_helmet":11,"mmorpg:jewel/int":2,"minecraft:bundle":9,"mmorpg:gems/garnet/0":1,"minecraft:stone_axe":4,"mmorpg:gems/ruby/0":1,"minecraft:iron_helmet":9,"minecraft:crossbow":3,"minecraft:diamond_axe":2,"minecraft:chainmail_helmet":3,"tombstone:magic_scroll":6,"minecraft:oak_sapling":71,"mmorpg:offhand/dodge/iron":3,"mmorpg:skill_gems/aura/int":9,"minecraft:coal":4,"mmorpg:potions/reset_stats":1},"minecraft:broken":{"minecraft:diamond_helmet":1,"minecraft:leather_leggings":1,"mmorpg:jewelry/ring/iron":1,"minecraft:golden_leggings":1,"minecraft:chainmail_chestplate":1,"minecraft:leather_boots":1,"minecraft:wooden_axe":5}},"DataVersion":3465}