{"stats":{"minecraft:used":{"minecraft:firework_rocket":2,"minecraft:bread":2,"minecraft:chicken":2,"minecraft:white_wool":2,"mmorpg:weapon/staff/wood":6,"minecraft:item_frame":1,"minecraft:mutton":3,"minecraft:beef":7},"minecraft:picked_up":{"minecraft:feather":2,"mmorpg:gems/emerald/0":1,"minecraft:leather_chestplate":1,"minecraft:lilac":3,"minecraft:allium":4,"minecraft:chicken":2,"minecraft:acacia_log":2,"tombstone:grave_dust":2,"mmorpg:weapon/staff/wood":12,"minecraft:grass_block":1,"minecraft:shield":1,"minecraft:redstone":1,"minecraft:string":3,"minecraft:iron_leggings":3,"minecraft:item_frame":1,"minecraft:arrow":7,"minecraft:bone":9,"minecraft:rotten_flesh":8,"minecraft:decorated_pot":1,"minecraft:bow":6,"minecraft:wheat_seeds":4,"mmorpg:runes/ano":1,"bosses_of_mass_destruction:soul_star":1,"minecraft:crossbow":1,"minecraft:iron_helmet":1,"minecraft:beef":7,"minecraft:white_tulip":3,"tombstone:magic_scroll":1,"minecraft:skeleton_skull":1,"minecraft:mutton":3,"minecraft:iron_sword":10,"minecraft:coal":1,"minecraft:white_wool":2,"minecraft:egg":1,"minecraft:ender_pearl":1},"minecraft:killed":{"minecraft:chicken":1,"minecraft:spider":1},"minecraft:custom":{"minecraft:time_since_rest":39364,"minecraft:blood":0,"minecraft:magic_shield":0,"minecraft:sprint_one_cm":99902,"minecraft:walk_one_cm":212213,"minecraft:damage_taken":4093,"minecraft:damage_absorbed":1577,"minecraft:mob_kills":3,"minecraft:drop":6,"minecraft:dexterity":5,"minecraft:intelligence":11,"minecraft:damage_dealt":376,"minecraft:health":135,"minecraft:move_speed":0,"minecraft:fly_one_cm":53067,"minecraft:open_barrel":4,"minecraft:open_chest":23,"minecraft:crouch_one_cm":1486,"minecraft:play_time":57129,"minecraft:deaths":2,"minecraft:bell_ring":2,"minecraft:sneak_time":616,"minecraft:jump":598,"minecraft:energy":140,"minecraft:leave_game":1,"minecraft:time_since_death":39764,"minecraft:strength":5,"minecraft:climb_one_cm":11824,"minecraft:total_world_time":57129,"minecraft:mana":200,"minecraft:fall_one_cm":11976,"minecraft:levels_gained":5},"minecraft:killed_by":{"minecraft:player":2},"minecraft:dropped":{"minecraft:leather_chestplate":1,"mmorpg:runes/ano":1,"minecraft:feather":1,"minecraft:rotten_flesh":8,"minecraft:grass_block":1,"mmorpg:weapon/staff/wood":1},"minecraft:mined":{"minecraft:skeleton_skull":1,"minecraft:glass_pane":2,"minecraft:lilac":3,"minecraft:grass":23,"minecraft:allium":4,"minecraft:decorated_pot":1,"minecraft:tall_grass":3,"minecraft:spruce_leaves":6,"minecraft:white_tulip":3,"minecraft:fern":1}},"DataVersion":3465}