{"stats":{"minecraft:picked_up":{"minecraft:bow":5,"mmorpg:weapon/staff/wood":9,"minecraft:iron_sword":6},"minecraft:custom":{"minecraft:time_since_rest":3127,"minecraft:blood":0,"minecraft:magic_shield":0,"minecraft:crouch_one_cm":397,"minecraft:sprint_one_cm":5971,"minecraft:play_time":15129,"minecraft:deaths":1,"minecraft:damage_taken":982,"minecraft:walk_one_cm":23505,"minecraft:sneak_time":100,"minecraft:dexterity":0,"minecraft:jump":145,"minecraft:intelligence":0,"minecraft:energy":50,"minecraft:leave_game":1,"minecraft:health":70,"minecraft:move_speed":0,"minecraft:time_since_death":3963,"minecraft:strength":0,"minecraft:total_world_time":15129,"minecraft:fly_one_cm":5769,"minecraft:fall_one_cm":2856,"minecraft:mana":50},"minecraft:killed_by":{"minecraft:player":1}},"DataVersion":3465}