{"stats":{"minecraft:used":{"minecraft:baked_potato":2,"minecraft:chest":1,"minecraft:white_wool":2,"minecraft:mutton":3,"minecraft:firework_rocket":2,"minecraft:chicken":2,"minecraft:bread":2,"minecraft:item_frame":1,"mmorpg:weapon/staff/wood":6,"minecraft:beef":7,"minecraft:pumpkin_pie":2,"minecraft:experience_bottle":1},"minecraft:picked_up":{"minecraft:allium":4,"minecraft:leather_chestplate":1,"minecraft:feather":2,"minecraft:lilac":9,"minecraft:chicken":3,"minecraft:shield":2,"mmorpg:skill_gems/aura/dex":1,"minecraft:string":3,"minecraft:iron_leggings":3,"minecraft:item_frame":1,"minecraft:bone":11,"minecraft:bow":6,"minecraft:wheat_seeds":4,"mmorpg:map":1,"bosses_of_mass_destruction:soul_star":3,"minecraft:beef":7,"minecraft:white_tulip":3,"mmorpg:offhand/tome/iron":1,"minecraft:chest":1,"minecraft:iron_sword":10,"minecraft:egg":1,"mmorpg:skill_gems/support/dex":1,"mmorpg:gems/emerald/0":3,"minecraft:acacia_log":2,"tombstone:grave_dust":2,"mmorpg:weapon/staff/wood":17,"minecraft:grass_block":1,"minecraft:redstone":1,"minecraft:bundle":1,"minecraft:arrow":14,"minecraft:rotten_flesh":10,"minecraft:decorated_pot":1,"mmorpg:runes/ano":1,"minecraft:iron_helmet":1,"minecraft:crossbow":1,"minecraft:saddle":1,"minecraft:emerald":15,"tombstone:magic_scroll":1,"minecraft:mutton":3,"minecraft:coal":1,"minecraft:skeleton_skull":2,"minecraft:white_wool":2,"minecraft:ender_pearl":1},"minecraft:killed":{"minecraft:spider":2,"minecraft:sheep":1,"minecraft:skeleton":1,"minecraft:chicken":1},"minecraft:custom":{"minecraft:blood":0,"minecraft:mob_kills":6,"minecraft:dexterity":5,"minecraft:intelligence":11,"minecraft:move_speed":0,"minecraft:open_barrel":5,"minecraft:bell_ring":2,"minecraft:leave_game":2,"minecraft:time_since_death":74570,"minecraft:climb_one_cm":12499,"minecraft:levels_gained":6,"minecraft:mana":210,"minecraft:time_since_rest":74170,"minecraft:magic_shield":0,"minecraft:sprint_one_cm":243042,"minecraft:damage_absorbed":2146,"minecraft:damage_taken":4984,"minecraft:walk_one_cm":351089,"minecraft:drop":21,"minecraft:damage_dealt":376,"minecraft:health":145,"minecraft:fly_one_cm":101225,"minecraft:open_chest":70,"minecraft:crouch_one_cm":1986,"minecraft:play_time":91935,"tombstone:undead_killed":1,"minecraft:deaths":2,"minecraft:sneak_time":698,"minecraft:jump":855,"minecraft:energy":150,"minecraft:strength":5,"minecraft:total_world_time":91935,"minecraft:fall_one_cm":16180},"minecraft:killed_by":{"minecraft:player":2},"minecraft:dropped":{"minecraft:lilac":9,"minecraft:ender_pearl":1,"mmorpg:runes/ano":1,"minecraft:feather":2,"minecraft:rotten_flesh":10,"minecraft:grass_block":1,"mmorpg:weapon/staff/wood":2,"minecraft:emerald":10,"bosses_of_mass_destruction:soul_star":2,"minecraft:leather_chestplate":1,"mmorpg:gems/emerald/0":1,"minecraft:skeleton_skull":1,"tombstone:grave_dust":2,"minecraft:firework_rocket":2},"minecraft:mined":{"minecraft:glass_pane":2,"minecraft:allium":4,"minecraft:decorated_pot":1,"minecraft:chest":1,"minecraft:tall_grass":3,"minecraft:spruce_leaves":6,"minecraft:skeleton_skull":1,"minecraft:lilac":3,"minecraft:grass":23,"minecraft:white_tulip":3,"minecraft:fern":1}},"DataVersion":3465}