{"stats":{"minecraft:picked_up":{"mmorpg:gems/emerald/0":1,"minecraft:chicken":1,"minecraft:acacia_log":2,"tombstone:grave_dust":2,"mmorpg:weapon/staff/wood":11,"minecraft:grass_block":1,"minecraft:shield":1,"minecraft:string":3,"minecraft:arrow":4,"minecraft:bone":5,"minecraft:bow":6,"minecraft:wheat_seeds":3,"mmorpg:runes/ano":1,"bosses_of_mass_destruction:soul_star":1,"minecraft:iron_helmet":1,"minecraft:mutton":3,"minecraft:iron_sword":8,"minecraft:coal":1,"minecraft:white_wool":2,"minecraft:egg":1,"minecraft:ender_pearl":1},"minecraft:killed":{"minecraft:chicken":1,"minecraft:spider":1},"minecraft:custom":{"minecraft:time_since_rest":9364,"minecraft:blood":0,"minecraft:magic_shield":0,"minecraft:sprint_one_cm":5971,"minecraft:walk_one_cm":89173,"minecraft:damage_taken":2552,"minecraft:damage_absorbed":41,"minecraft:mob_kills":2,"minecraft:drop":1,"minecraft:dexterity":5,"minecraft:intelligence":11,"minecraft:damage_dealt":205,"minecraft:health":105,"minecraft:move_speed":0,"minecraft:fly_one_cm":6359,"minecraft:crouch_one_cm":1058,"minecraft:play_time":27129,"minecraft:deaths":2,"minecraft:sneak_time":239,"minecraft:jump":268,"minecraft:energy":110,"minecraft:leave_game":1,"minecraft:time_since_death":9764,"minecraft:strength":5,"minecraft:total_world_time":27129,"minecraft:mana":170,"minecraft:fall_one_cm":3700,"minecraft:levels_gained":2},"minecraft:dropped":{"mmorpg:runes/ano":1},"minecraft:killed_by":{"minecraft:player":2},"minecraft:mined":{"minecraft:grass":20,"minecraft:tall_grass":3,"minecraft:fern":1}},"DataVersion":3465}