{"stats":{"minecraft:used":{"minecraft:chicken":1,"mmorpg:weapon/staff/wood":6,"minecraft:item_frame":1,"minecraft:mutton":3,"minecraft:beef":5},"minecraft:picked_up":{"mmorpg:gems/emerald/0":1,"minecraft:leather_chestplate":1,"minecraft:lilac":3,"minecraft:allium":4,"minecraft:chicken":1,"minecraft:acacia_log":2,"tombstone:grave_dust":2,"mmorpg:weapon/staff/wood":11,"minecraft:grass_block":1,"minecraft:shield":1,"minecraft:string":3,"minecraft:iron_leggings":3,"minecraft:item_frame":1,"minecraft:arrow":7,"minecraft:bone":8,"minecraft:rotten_flesh":5,"minecraft:decorated_pot":1,"minecraft:bow":6,"minecraft:wheat_seeds":4,"mmorpg:runes/ano":1,"bosses_of_mass_destruction:soul_star":1,"minecraft:iron_helmet":1,"minecraft:beef":7,"minecraft:white_tulip":3,"minecraft:skeleton_skull":1,"minecraft:mutton":3,"minecraft:iron_sword":9,"minecraft:coal":1,"minecraft:white_wool":2,"minecraft:egg":1,"minecraft:ender_pearl":1},"minecraft:killed":{"minecraft:chicken":1,"minecraft:spider":1},"minecraft:custom":{"minecraft:time_since_rest":27364,"minecraft:blood":0,"minecraft:magic_shield":0,"minecraft:sprint_one_cm":65938,"minecraft:walk_one_cm":170668,"minecraft:damage_taken":3496,"minecraft:damage_absorbed":1249,"minecraft:mob_kills":3,"minecraft:drop":1,"minecraft:dexterity":5,"minecraft:intelligence":11,"minecraft:damage_dealt":376,"minecraft:health":115,"minecraft:move_speed":0,"minecraft:fly_one_cm":42161,"minecraft:open_barrel":2,"minecraft:open_chest":12,"minecraft:crouch_one_cm":1409,"minecraft:play_time":45129,"minecraft:deaths":2,"minecraft:sneak_time":432,"minecraft:jump":508,"minecraft:energy":120,"minecraft:leave_game":1,"minecraft:time_since_death":27764,"minecraft:strength":5,"minecraft:climb_one_cm":7216,"minecraft:total_world_time":45129,"minecraft:mana":180,"minecraft:fall_one_cm":9008,"minecraft:levels_gained":3},"minecraft:dropped":{"mmorpg:runes/ano":1},"minecraft:killed_by":{"minecraft:player":2},"minecraft:mined":{"minecraft:skeleton_skull":1,"minecraft:lilac":3,"minecraft:grass":20,"minecraft:allium":4,"minecraft:decorated_pot":1,"minecraft:tall_grass":3,"minecraft:white_tulip":3,"minecraft:fern":1}},"DataVersion":3465}