{"stats":{"minecraft:picked_up":{"mmorpg:weapon/staff/wood":3,"minecraft:bow":2,"minecraft:iron_sword":1},"minecraft:custom":{"minecraft:jump":20,"minecraft:intelligence":0,"minecraft:time_since_rest":4895,"minecraft:energy":50,"minecraft:blood":0,"minecraft:magic_shield":0,"minecraft:sprint_one_cm":1408,"minecraft:health":70,"minecraft:play_time":4895,"minecraft:move_speed":0,"minecraft:time_since_death":4895,"minecraft:walk_one_cm":1969,"minecraft:strength":0,"minecraft:total_world_time":4895,"minecraft:fall_one_cm":211,"minecraft:fly_one_cm":1291,"minecraft:mana":50,"minecraft:dexterity":0}},"DataVersion":3465}