{"stats":{"minecraft:killed":{"minecraft:sheep":1,"minecraft:drowned":2,"minecraft:cow":2},"minecraft:dropped":{"minecraft:wheat_seeds":1,"minecraft:acacia_log":1,"minecraft:wooden_axe":1},"minecraft:crafted":{"minecraft:wooden_sword":1,"minecraft:oak_door":6,"minecraft:oak_planks":96,"minecraft:stone_shovel":1,"minecraft:crafting_table":1,"minecraft:spruce_planks":4,"minecraft:wooden_pickaxe":1,"minecraft:campfire":1,"minecraft:stone_axe":1,"minecraft:bread":6,"minecraft:oak_trapdoor":4,"another_furniture:acacia_table":6,"minecraft:ladder":3,"minecraft:stick":40,"minecraft:oak_stairs":4,"minecraft:stone_pickaxe":1,"minecraft:wooden_axe":1,"minecraft:acacia_planks":28,"minecraft:torch":8,"minecraft:wheat":18},"minecraft:custom":{"minecraft:blood":0,"minecraft:mob_kills":5,"minecraft:intelligence":6,"minecraft:dexterity":6,"minecraft:move_speed":0,"minecraft:interact_with_crafting_table":13,"minecraft:interact_with_campfire":4,"minecraft:leave_game":2,"minecraft:time_since_death":117387,"minecraft:sleep_in_bed":2,"minecraft:mana":110,"minecraft:time_since_rest":2914,"minecraft:magic_shield":0,"minecraft:sprint_one_cm":33009,"minecraft:walk_one_cm":222573,"minecraft:damage_taken":631,"minecraft:damage_absorbed":1069,"minecraft:drop":3,"minecraft:damage_dealt":547,"minecraft:health":117,"minecraft:swim_one_cm":15418,"minecraft:fly_one_cm":4610,"minecraft:open_chest":15,"minecraft:crouch_one_cm":1289,"minecraft:play_time":119026,"tombstone:undead_killed":2,"minecraft:deaths":1,"minecraft:sneak_time":2020,"minecraft:walk_under_water_one_cm":23448,"minecraft:jump":393,"minecraft:energy":110,"minecraft:walk_on_water_one_cm":13645,"minecraft:strength":9,"minecraft:total_world_time":119026,"minecraft:fall_one_cm":4566},"minecraft:used":{"minecraft:oak_trapdoor":9,"another_furniture:acacia_table":2,"minecraft:stone_shovel":1,"minecraft:stone_pickaxe":115,"minecraft:chest":2,"minecraft:wooden_pickaxe":59,"minecraft:white_wool":1,"minecraft:oak_door":10,"minecraft:torch":10,"minecraft:dirt":81,"minecraft:sand":1,"minecraft:crafting_table":4,"minecraft:red_bed":3,"minecraft:campfire":1,"minecraft:wooden_axe":60,"minecraft:lantern":2,"minecraft:oak_stairs":6,"minecraft:wooden_sword":12,"mmorpg:weapon/staff/wood":2,"minecraft:cobblestone":43,"minecraft:sweet_berries":4,"minecraft:cooked_beef":1,"minecraft:coarse_dirt":2,"minecraft:pumpkin":1},"minecraft:mined":{"minecraft:podzol":1,"minecraft:red_bed":3,"minecraft:oak_door":10,"another_furniture:acacia_table":2,"minecraft:powder_snow":5,"minecraft:crafting_table":3,"minecraft:spruce_trapdoor":1,"minecraft:acacia_log":7,"minecraft:grass_block":27,"minecraft:chest":2,"minecraft:campfire":1,"minecraft:copper_ore":7,"minecraft:tall_grass":3,"minecraft:cobblestone":5,"minecraft:wall_torch":4,"minecraft:cauldron":1,"minecraft:spruce_stairs":2,"minecraft:hay_block":2,"minecraft:coarse_dirt":2,"minecraft:oak_trapdoor":5,"minecraft:sweet_berry_bush":2,"minecraft:stripped_spruce_log":1,"minecraft:pumpkin":1,"minecraft:grass":12,"minecraft:oak_log":26,"minecraft:coal_ore":14,"minecraft:dirt_path":1,"minecraft:oak_stairs":2,"minecraft:lantern":2,"minecraft:gravel":5,"minecraft:sand":1,"minecraft:dirt":57,"minecraft:stone":72,"minecraft:spruce_slab":2},"minecraft:picked_up":{"minecraft:wooden_axe":1,"minecraft:charcoal":2,"minecraft:coarse_dirt":2,"minecraft:crafting_table":3,"minecraft:cooked_beef":3,"minecraft:oak_stairs":2,"minecraft:flint":1,"minecraft:oak_log":27,"minecraft:oak_trapdoor":5,"minecraft:red_bed":3,"minecraft:dirt":82,"minecraft:lantern":2,"minecraft:raw_copper":25,"minecraft:cooked_mutton":1,"minecraft:bow":2,"minecraft:wheat_seeds":1,"minecraft:beef":3,"minecraft:spruce_slab":2,"minecraft:chest":2,"minecraft:iron_sword":4,"minecraft:spruce_trapdoor":1,"minecraft:stick":1,"minecraft:oak_door":9,"minecraft:pumpkin":1,"minecraft:sweet_berries":14,"minecraft:torch":4,"minecraft:acacia_log":8,"minecraft:spruce_stairs":2,"minecraft:gravel":4,"minecraft:sand":1,"minecraft:stripped_spruce_log":1,"another_furniture:acacia_table":2,"mmorpg:weapon/staff/wood":4,"minecraft:cauldron":1,"minecraft:pumpkin_seeds":2,"minecraft:rotten_flesh":3,"minecraft:hay_block":2,"minecraft:oak_sapling":3,"minecraft:mutton":1,"minecraft:coal":14,"minecraft:white_wool":1,"minecraft:cobblestone":75},"minecraft:broken":{"minecraft:wooden_pickaxe":1}},"DataVersion":3465}