{"stats":{"minecraft:used":{"minecraft:wooden_axe":46,"minecraft:crafting_table":2,"minecraft:wooden_pickaxe":16},"minecraft:picked_up":{"minecraft:stick":14,"minecraft:crafting_table":2,"minecraft:apple":1,"minecraft:wheat_seeds":2,"minecraft:acacia_log":35,"minecraft:oak_log":8,"minecraft:oak_sapling":8,"minecraft:acacia_sapling":15,"minecraft:dirt":2,"minecraft:cobblestone":16},"minecraft:custom":{"minecraft:time_since_rest":12489,"minecraft:blood":0,"minecraft:magic_shield":0,"minecraft:play_time":12489,"minecraft:walk_one_cm":44307,"minecraft:dexterity":0,"minecraft:jump":47,"minecraft:intelligence":0,"minecraft:energy":50,"minecraft:leave_game":1,"minecraft:time_since_death":12489,"minecraft:health":70,"minecraft:move_speed":0,"minecraft:strength":0,"minecraft:total_world_time":12489,"minecraft:interact_with_crafting_table":2,"minecraft:mana":50},"minecraft:crafted":{"minecraft:acacia_planks":104,"minecraft:crafting_table":1,"minecraft:wooden_pickaxe":1,"minecraft:wooden_axe":1},"minecraft:mined":{"minecraft:grass":5,"minecraft:acacia_log":35,"minecraft:grass_block":2,"minecraft:oak_log":8,"minecraft:tall_grass":1,"minecraft:stone":16,"minecraft:crafting_table":2}},"DataVersion":3465}